Hans Pilgaard og Henrik Torp har været sammen i 10 år .	48	50	0
Hans Pilgaard og Henrik Torp har været sammen i ti år .	48	50	1
Det siger Rasmus Krath , der har interviewet flere pirater .	4	9	0
Det vurderer Rasmus Krath , der har interviewet flere pirater .	4	12	1
- Vi er voldsomt interesseret i at vide , hvor de blomster er blevet solgt , siger kriminalassistent Bo Hass Jensen til Ritzau .	8	16	0
- Vi er meget interesseret i at vide , hvor de blomster er blevet solgt , siger kriminalassistent Bo Hass Jensen til Ritzau .	8	13	1
Flot modtaget .	5	13	0
Flot modtagelse .	5	15	1
Det betyder i praksis , at politiet anholder vidnet i op til 24 timer før retssagen .	74	83	0
Det betyder i praksis , at politiet anholder vidnet i op til 24 timer før retsmødet .	74	83	1
FN har også bedt Danmark om hjælp til at koordinere nødhjælpsindsatsen i Dollo Ado i det sydlige Etiopien .	52	70	0
FN har også bedt Danmark om hjælp til at koordinere nødhjælpen i Dollo Ado i det sydlige Etiopien .	52	62	1
Der vil være en skærpet indrejsekontrol , hvor vi forsøger at udpege de køretøjer og personer , der kan have vores interesse , siger politiinspektør Svend Erik Larsen .	24	39	0
Der vil være en skærpet kontrol , hvor vi forsøger at udpege de køretøjer og personer , der kan have vores interesse , siger politiinspektør Svend Erik Larsen .	24	31	1
Thorning indrømmer forkerte oplysninger .	19	27	0
Thorning indrømmer fejlagtige oplysninger .	19	29	1
Alle de syv mistænktes advokater har fået besked på , at sagen er droppet .	49	51	0
Alle de syv mistænktes advokater har fået besked om , at sagen er droppet .	49	51	1
- Den titel ændrede mit livsforløb , det er der ingen tvivl om .	24	34	0
- Den titel ændrede mit liv , det er der ingen tvivl om .	24	27	1
At det har kunnet være sig selv i 60 år er ret enestående , siger Dario Campeotto .	60	65	0
At det har kunnet være sig selv i 60 år er ret enestående , uddyber Dario Campeotto .	60	67	1
- Vi vil vedtage reformer , der sænker udgifterne , giver større valgfrihed og sikrer dækning , som alle amerikanere kan regne med .	39	49	0
- Vi vil vedtage reformer , der sænker omkostningerne , giver større valgfrihed og sikrer dækning , som alle amerikanere kan regne med .	39	53	1
Fire ud af 10 kommuner vil spare på børn .	11	13	0
Fire ud af ti kommuner vil spare på børn .	11	13	1
Regeringen ser også dystert på udviklingen i ledigheden .	20	27	0
Regeringen ser også sort på udviklingen i ledigheden .	20	24	1
Regeringen forventer , at ledigheden i 2011 vil ende på 162 . 000 personer .	11	20	0
Regeringen venter , at ledigheden i 2011 vil ende på 162 . 000 personer .	11	17	1
Det er en markant stigning i forhold til 2011 .	10	17	0
Det er en kraftig stigning i forhold til 2011 .	10	17	1
Du er ikke konservativ , skriver han .	25	32	0
Du er ikke konservativ , siger han .	25	30	1
Resten af jurymedlemmerne udpeges i april sammen med de film , der skal bedømmes .	10	25	0
Resten af juryen udpeges i april sammen med de film , der skal bedømmes .	10	16	1
Pølsehorn og pizzasnegle .	13	24	0
Pølsehorn og pizza .	13	18	1
I den japanske havneby Sendai kastede en 10 meter høj bølge rundt med biler , bygninger og skibe .	41	43	0
I den japanske havneby Sendai kastede en ti meter høj bølge rundt med biler , bygninger og skibe .	41	43	1
Det skal vi erkende .	4	8	0
Det må vi erkende .	4	6	1
Der var fugtigt , kloakken var sprunget , og det lugtede af tis .	45	48	0
Der var fugtigt , kloakken var sprunget , og der lugtede af tis .	45	48	1
I første omgang blev de også sigtet for at ville sætte ild på Nordeas ejendom på Strandgade i København .	78	80	0
I første omgang blev de også sigtet for at ville sætte ild på Nordeas ejendom i Strandgade i København .	78	79	1
Begge lande gav Rumænien 10 point og Tyskland 12 .	25	27	0
Begge lande gav Rumænien ti point og Tyskland 12 .	25	27	1
Nordkorea åbner for atomforhandlinger .	20	37	0
Nordkorea åbner for nedrustning .	20	31	1
Protester mod Israel i mange byer .	29	33	0
Protester mod Israel i mange lande .	29	34	1
De tre andre blev anholdt ved Blågårdsgade på Nørrebro .	26	29	0
De tre andre blev anholdt omkring Blågårdsgade på Nørrebro .	26	33	1
Villy Søvndal ser intet forkert i , at politikere får fif fra komikere .	24	31	0
Villy Søvndal ser intet odiøst i , at politikere får fif fra komikere .	24	30	1
Nogle tyskere er skeptiske over den danske baggrund .	32	35	0
Nogle tyskere er skeptiske over hans danske baggrund .	32	36	1
Så har Dansk Folkeparti også mulighed for at være mere med undervejs .	24	28	0
Så har Dansk Folkeparti nemlig mulighed for at være mere med undervejs .	24	30	1
- I starten tænkte jeg på , om han ville vise sit sande ansigt .	12	18	0
- I starten spekulerede jeg på , om han ville vise sit sande ansigt .	12	23	1
Stort set hele sortimentet fra butikkerne kommer også til salg på nettet .	15	26	0
Stort set hele udbuddet fra butikkerne kommer også til salg på nettet .	15	23	1
Edward Kennedy tabte kampen til kræft .	28	31	0
Edward Kennedy tabte kampen mod kræft .	28	31	1
Indonesiens mest eftersøgte mand står bag planer om at terrorbombe den danske ambassade i Jakarta , oplyser politiet i Indonesien .	55	66	0
Indonesiens mest eftersøgte mand står bag planer om at bombe den danske ambassade i Jakarta , oplyser politiet i Indonesien .	55	60	1
Politiet mener , at han smed tøjet fra sig efter udåden .	49	55	0
Politiet mener , at han smed tøjet fra sig efter drabet .	49	55	1
Dansk film skaber muslimsk røre .	27	31	0
Dansk film skaber muslimsk uro .	27	30	1
Ingen af de dømte var selv mødt op i retten til onsdagens domsafsigelse .	58	71	0
Ingen af de dømte var selv mødt op i retten til onsdagens dom .	58	61	1
Tyrkiets udenrigsminister , Ahmet Davutoglu , siger , at der derfor ikke længere er grundlag for nye sanktioner mod Iran .	61	67	0
Tyrkiets udenrigsminister , Ahmet Davutoglu , siger , at der nu ikke længere er grundlag for nye sanktioner mod Iran .	61	63	1
Det oplyser vagtchef Søren Peitersen i Nordjyllands Politi .	37	38	0
Det oplyser vagtchef Søren Peitersen fra Nordjyllands Politi .	37	40	1
Dobbelt så mange har fået opfordringer til sex og følt sig krænket af det , viser undersøgelsen .	21	25	0
Dobbelt så mange har modtaget opfordringer til sex og følt sig krænket af det , viser undersøgelsen .	21	29	1
Dronningen og prinsen skal ligge i Sankt Birgittes Kapel i den nordlige side af kirken .	27	32	0
Dronningen og prinsen skal placeres i Sankt Birgittes Kapel i den nordlige side af kirken .	27	35	1
Men der skæres ned over alt , så der er ikke mange nye job at få , siger Arne Lægaard .	8	14	0
Men der drosles ned over alt , så der er ikke mange nye job at få , siger Arne Lægaard .	8	15	1
Det rapporterer nyhedsbureauet Reuters .	4	15	0
Det fortæller nyhedsbureauet Reuters .	4	13	1
Det dur ikke at have en statsminister , der taler så uldent , som han gør i øjeblikket , siger Villy Søvndal .	4	7	0
Det nytter ikke at have en statsminister , der taler så uldent , som han gør i øjeblikket , siger Villy Søvndal .	4	10	1
Australierne er i chok over de voldsomme skovbrande i det sydøstlige Australien , siger Danmarks ambassadør .	41	51	0
Australierne er i chok over de voldsomme brande i det sydøstlige Australien , siger Danmarks ambassadør .	41	47	1
Dengang førte begivenheden til mere end to ugers optøjer over hele Frankrig .	49	56	0
Dengang førte begivenheden til mere end to ugers uroligheder over hele Frankrig .	49	60	1
Det tror Arne Pedersen dog ikke på .	23	26	0
Det tror Arne Pedersen imidlertid ikke på .	23	33	1
- Vi forsøger at få kortlagt sagen .	29	34	0
- Vi forsøger at få kortlagt omstændighederne .	29	45	1
Det mener Socialdemokraternes formand , Helle Thorning - Schmidt .	4	9	0
Det vurderer Socialdemokraternes formand , Helle Thorning - Schmidt .	4	12	1
I Fukushima er reaktorerne intakte , selv om vi har set et vist udslip , siger talsmand Hidehiko Nishiyama .	27	34	0
I Fukushima er reaktorerne uskadte , selv om vi har set et vist udslip , siger talsmand Hidehiko Nishiyama .	27	34	1
- Jeg kan godt forstå , at man kan se det på den led .	49	52	0
- Jeg kan godt forstå , at man kan se det på den måde .	49	53	1
Og har man sagt ja , må man også blive der .	39	42	0
Og har man sagt ja , må man også blive ved .	39	42	1
Dengang førte begivenheden til mere end to ugers optøjer over hele Frankrig .	49	56	0
Dengang førte begivenheden til mere end to ugers uroligheder over hele Frankrig .	49	60	1
Den danske lovgivning er klar .	11	21	0
Den danske lov er klar .	11	14	1
Skatterne vil blive fordelt over 10 år , oplyser kilder i regeringen .	33	35	0
Skatterne vil blive fordelt over ti år , oplyser kilder i regeringen .	33	35	1
- Der er et ønske om forandring , fornemmer hun .	34	43	0
- Der er et ønske om forandring , siger hun .	34	39	1
Kun Danmark holder døgnvagt ved grænser .	12	18	0
Kun Danmark har døgnvagt ved grænser .	12	15	1
Hans rejsebureau har fået henvendelser fra omkring 600 amerikanske og europæiske turister i løbet af juli .	21	25	0
Hans rejsebureau har modtaget henvendelser fra omkring 600 amerikanske og europæiske turister i løbet af juli .	21	29	1
Årets mesterkok kommer fra Mols .	16	22	0
Årets mesterkok er fra Mols .	16	18	1
Der har været et kup i Honduras .	17	20	0
Der har været et statskup i Honduras .	17	25	1
Ekstra penge til kampen mod bandekriminalitet er aldrig nået frem til Københavns Politi .	28	45	0
Ekstra penge til kampen mod banderne er aldrig nået frem til Københavns Politi .	28	36	1
Det kniber jo aldrig med politi , når der kommer kendisser til byen som for eksempel i forbindelse med OL - mødet , siger Bo Asmus Kjeldgaard .	25	31	0
Det kniber jo aldrig med politifolk , når der kommer kendisser til byen som for eksempel i forbindelse med OL - mødet , siger Bo Asmus Kjeldgaard .	25	35	1
Hun er excentrisk , virkelig sjov og følsom på en besynderlig måde .	7	17	0
Hun er speciel , virkelig sjov og følsom på en besynderlig måde .	7	14	1
Jeg mener ikke , at vi bør gå til koncerten i Torshavn , siger Imme Dam .	23	26	0
Jeg mener ikke , at vi burde gå til koncerten i Torshavn , siger Imme Dam .	23	28	1
Det kan ske , at spredningen går ned i nogle regioner , mens den eskalerer i andre områder , siger Siri Hauge .	65	74	0
Det kan ske , at spredningen går ned i nogle regioner , mens den vokser i andre områder , siger Siri Hauge .	65	71	1
Det kan være i områder som Tingbjerg eller Taastrupgaard , siger socialordfører Mette Frederiksen ( S ).	59	64	0
Det kan være i områder som Tingbjerg eller Taastrupgaard , fortæller socialordfører Mette Frederiksen ( S ).	59	68	1
Herefter skal ansøgeren blandt andet gennemføre et kursus for at blive godkendt .	37	47	0
Herefter skal ansøgeren blandt andet igennem et kursus for at blive godkendt .	37	44	1
- Det er umuligt at bygge en helt tæt tunnel , siger han .	20	25	0
- Det er umuligt at konstruere en helt tæt tunnel , siger han .	20	30	1
Greenpeace smed fredag morgen otte ton stenmel foran Statoils hovedkvarter i Danmark .	11	15	0
Greenpeace dumpede fredag morgen otte ton stenmel foran Statoils hovedkvarter i Danmark .	11	18	1
Hos olieselskabet er man ikke enig i , at udvindingen af tjæresand udgør en miljøkatastrofe .	67	72	0
Hos olieselskabet er man ikke enig i , at udvindingen af tjæresand skaber en miljøkatastrofe .	67	73	1
De fleste befinder sig i den urolige provins Helmand i den sydlige del af landet .	10	18	0
De fleste opholder sig i den urolige provins Helmand i den sydlige del af landet .	10	18	1
Seks anholdt efter svensk storrøveri .	26	36	0
Seks anholdt efter svensk røveri .	26	32	1
Herefter skulle finalisterne på scenen med de sange , som de selv havde valgt .	9	15	0
Herefter var finalisterne på scenen med de sange , som de selv havde valgt .	9	12	1
- Jeg skal slet ikke gå ind i juraen .	6	10	0
- Jeg vil slet ikke gå ind i juraen .	6	9	1
Så må vi jo ændre reglerne .	18	26	0
Så må vi jo ændre retningslinjerne .	18	34	1
Men i stedet skal jeg igennem en test med nogle helt irrelevante spørgsmål , siger hun .	48	52	0
Men i stedet skal jeg igennem en test med nogle fuldstændigt irrelevante spørgsmål , siger hun .	48	60	1
Der fortæller Mikkel Andreas Beck , der er pressechef i Falck .	4	13	0
Der oplyser Mikkel Andreas Beck , der er pressechef i Falck .	4	11	1
Derfor endte det med , at FCK - støtterne til sidst fik væltet hegnet .	32	41	0
Derfor endte det med , at FCK - folkene til sidst fik væltet hegnet .	32	39	1
Derfor er 14 af de tiltalte frifundet .	7	9	0
Derfor blev 14 af de tiltalte frifundet .	7	11	1
Amnesty : Kina henretter mest .	25	29	0
Amnesty : Kina henretter flest .	25	30	1
Men allerede torsdag middag har nogle jyske fly forbud mod at flyve .	32	37	0
Men allerede torsdag middag har flere jyske fly forbud mod at flyve .	32	37	1
Der stod i øvrigt ikke kun sæl på festmenuen .	34	44	0
Der stod i øvrigt ikke kun sæl på menukortet .	34	44	1
Hun frygter , at sagen kan få konsekvenser for mange andre børn .	4	11	0
Hun mener , at sagen kan få konsekvenser for mange andre børn .	4	9	1
De første gæster dukkede allerede op ved 5 - tiden .	10	16	0
De første tilskuere dukkede allerede op ved 5 - tiden .	10	19	1
Knud Foldschack tror ikke , at aftalen vil ændre fristaden afgørende .	59	68	0
Knud Foldschack tror ikke , at aftalen vil ændre fristaden væsentligt .	59	69	1
Det skal dog ikke være tilladt at gå i burka og have tildækket ansigtet , hvis man arbejder med mennesker i den offentlige sektor .	9	12	0
Det skal selvfølgelig ikke være tilladt at gå i burka og have tildækket ansigtet , hvis man arbejder med mennesker i den offentlige sektor .	9	21	1
- Vi formoder , at der er skimmel i marmeladen .	5	13	0
- Vi mener , at der er skimmel i marmeladen .	5	10	1
Kampagnen søsættes i forbindelse med FN ' s Antiracismedag den 21 . marts .	10	18	0
Kampagnen starter i forbindelse med FN ' s Antiracismedag den 21 . marts .	10	17	1
Han lover nu at bringe sagen i orden .	16	22	0
Han lover nu at få sagen i orden .	16	18	1
Diamanter fra minerne i landet blev brugt til at betale for militser i borgerkrigen .	60	68	0
Diamanter fra minerne i landet blev brugt til at betale for soldater i borgerkrigen .	60	68	1
Det fortæller den tyske kansler , Angela Merkel .	4	13	0
Det bekræfter den tyske kansler , Angela Merkel .	4	13	1
Sneen skaber trafikkaos .	6	12	0
Sneen giver trafikkaos .	6	11	1
Der forventes deltagere fra 67 lande og 516 organisationer , skriver politiet i en pressemeddelelse .	4	13	0
Der kommer deltagere fra 67 lande og 516 organisationer , skriver politiet i en pressemeddelelse .	4	10	1
Flere tilbageskridt .	6	19	0
Flere problemer .	6	15	1
Cykelstier skal skabe arbejdspladser .	16	21	0
Cykelstier skal give arbejdspladser .	16	20	1
Nu glæder han sig til at komme hjem og få en kop varm kakao , for der er hundekoldt på pladsen for Højesteret .	95	98	0
Nu glæder han sig til at komme hjem og få en kop varm kakao , for der er hundekoldt på pladsen foran Højesteret .	95	100	1
De er hverken til champagne eller fest .	34	38	0
De er hverken til champagne eller party .	34	39	1
Det rapporterer det britiske nyhedsbureau Reuters .	4	15	0
Det skriver det britiske nyhedsbureau Reuters .	4	11	1
Minister har talrige eksempler .	13	20	0
Minister har samlet eksempler .	13	19	1
- Vi har fundet flere eksempler på institutioner , der stadig har løsrevne lukkedage .	16	21	0
- Vi har fundet adskillige eksempler på institutioner , der stadig har løsrevne lukkedage .	16	26	1
Diamanter fra minerne i landet blev brugt til at betale for militser i borgerkrigen .	60	68	0
Diamanter fra minerne i landet blev brugt til at betale for soldater i borgerkrigen .	60	68	1
- Funktionelle lidelser ser ud til at være et stigende problem i den vestlige verden .	46	54	0
- Funktionelle lidelser ser ud til at være et tiltagende problem i den vestlige verden .	46	56	1
Det er svært at skønne , hvor mange der lider af det .	16	22	0
Det er svært at sige , hvor mange der lider af det .	16	20	1
Men vi mener , at det er mellem fem og 10 procent af befolkningen , siger han .	39	41	0
Men vi mener , at det er mellem fem og ti procent af befolkningen , siger han .	39	41	1
Tyve stjæler uerstattelig statue .	13	25	0
Tyve stjæler kæmpe statue .	13	18	1
- De kan ikke svømme , løbe eller hoppe lige så langt og højt som de andre .	54	56	0
- De kan ikke svømme , løbe eller hoppe lige så langt eller højt som de andre .	54	59	1
Aktionen førte til , at 6 personer blev anholdt .	24	25	0
Aktionen førte til , at seks personer blev anholdt .	24	28	1
Indtil nu har USA koordineret indsatsen i Libyen , men fra i morgen overtager NATO den opgave .	18	29	0
Indtil nu har USA ledet indsatsen i Libyen , men fra i morgen overtager NATO den opgave .	18	23	1
De stærke indvandrere vinder , mens de svageste og traumatiserede flygtninge bliver taberne i regeringens nye udlændingeaftale , lyder kritikken .	39	47	0
De stærke indvandrere vinder , mens de svage og traumatiserede flygtninge bliver taberne i regeringens nye udlændingeaftale , lyder kritikken .	39	44	1
Også Rehabiliterings - og Forskningscentret for Torturofre ( RCT ) mener , at den nye udlændingeaftale vil ramme de svageste flygtninge .	86	102	0
Også Rehabiliterings - og Forskningscentret for Torturofre ( RCT ) mener , at den nye aftale vil ramme de svageste flygtninge .	86	92	1
- Vi tog hen til stedet og så alle ødelæggelserne , blodet og de døde kroppe , siger han .	79	84	0
- Vi tog hen til stedet og så alle ødelæggelserne , blodet og de døde kroppe , fortæller han .	79	88	1
Hun har antydet , at hun stiller op ved præsidentvalget i 2012 .	36	39	0
Hun har antydet , at hun stiller op til præsidentvalget i 2012 .	36	39	1
Rusland har brug for politiske reformer .	12	16	0
Rusland har behov for politiske reformer .	12	17	1
Mand mistænkt for Times Square - bombe .	5	13	0
Mand eftersøges for Times Square - bombe .	5	15	1
Jeg følte , at jeg var ved at få et hjerteanfald , siger Christina Chanée .	51	56	0
Jeg følte , at jeg var ved at få et hjerteanfald , fortæller Christina Chanée .	51	60	1
En far og søn fra Frederiksberg begik måske selvmord , fordi de ikke kunne få plads på et plejehjem sammen .	38	43	0
En far og søn fra Frederiksberg begik tilsyneladende selvmord , fordi de ikke kunne få plads på et plejehjem sammen .	38	52	1
Sommerferien blev en kedelig måned for mange danskere .	21	28	0
Sommerferien blev en hård måned for mange danskere .	21	25	1
Det kniber jo aldrig med politifolk , når der kommer kendisser til byen som for eksempel i forbindelse med OL - mødet , siger Bo Asmus Kjeldgaard .	25	35	0
Det kniber jo aldrig med politi , når der kommer kendisser til byen som for eksempel i forbindelse med OL - mødet , siger Bo Asmus Kjeldgaard .	25	31	1
Oscar - kandidat udelukkes fra prisuddeling .	31	43	0
Oscar - kandidat udelukkes fra showet .	31	37	1
FN fordømmer israelsk militæraktion .	22	35	0
FN fordømmer israelsk aktion .	22	28	1
Jeg bragte dem nærmere deres hjem , sagde Vera Lynn .	36	41	0
Jeg bragte dem nærmere deres hjem , fortalte Vera Lynn .	36	44	1
Det mener klima - og energiminister Connie Hedegaard ( K ).	4	9	0
Det vurderer klima - og energiminister Connie Hedegaard ( K ).	4	12	1
- De sidste to uger er der kommet helt nye mål fra Kina og Japan .	34	38	0
- De sidste to uger er der kommet fuldstændig nye mål fra Kina og Japan .	34	45	1
De fratages ethvert håb om , at de kan få en varig opholdstilladelse og bo i Danmark resten af deres liv , siger Marianne Jelved .	3	11	0
De mister ethvert håb om , at de kan få en varig opholdstilladelse og bo i Danmark resten af deres liv , siger Marianne Jelved .	3	9	1
Gruppen kræver , at Frankrig trækker sine soldater ud af Afghanistan .	42	50	0
Gruppen kræver , at Frankrig trækker sine tropper ud af Afghanistan .	42	49	1
Det var ikke nogen frelser , der kom og løste problemerne .	13	18	0
Det var ikke en frelser , der kom og løste problemerne .	13	15	1
Århus - borgmester jagter stemmerekord .	26	38	0
Århus - borgmester jagter rekord .	26	32	1
Ældreråd dækkede over pædofil .	22	29	0
Ældreråd dækkede over pædofilimistænkt .	22	38	1
Der kommer sne til det meste af landet i løbet af torsdagen .	15	18	0
Der kommer sne i det meste af landet i løbet af torsdagen .	15	16	1
Venstre tror på et flertal mod efterløn .	27	30	0
Venstre tror på et flertal imod efterløn .	27	31	1
I slutningen af januar vil regeringen fremlægge et konkret forslag til afskaffelse af efterlønnen .	67	70	0
I slutningen af januar vil regeringen fremlægge et konkret forslag om afskaffelse af efterlønnen .	67	69	1
Men derudover har vi ingen krav .	27	31	0
Men derudover har vi ingen kvalifikationer .	27	42	1
- Jeg synes , processen har været usmagelig .	14	23	0
- Jeg synes , ordningen har været usmagelig .	14	23	1
Det bekræfter Statsministeriet .	4	13	0
Det siger Statsministeriet .	4	9	1
Det bekræfter Statsministeriet .	4	13	0
Det siger Statsministeriet .	4	9	1
Den danske kulturarv har det også svært med frosten .	44	51	0
Den danske kulturarv har det også svært med frostgrader .	44	55	1
Det er også korrekt .	12	19	0
Det er også rigtigt .	12	19	1
Det kan få livsfarlige følger , siger professor .	23	29	0
Det kan få livsfarlige konsekvenser , siger professor .	23	35	1
En far og søn fra Frederiksberg begik måske selvmord , fordi de ikke kunne få plads på et plejehjem sammen .	38	43	0
En far og søn fra Frederiksberg begik tilsyneladende selvmord , fordi de ikke kunne få plads på et plejehjem sammen .	38	52	1
Kort efter blev alle fire evakueret med helikoptere til felthospitalet i Camp Bastion .	26	35	0
Kort efter blev alle fire fløjet med helikoptere til felthospitalet i Camp Bastion .	26	32	1
- Det viser , at vi har et stort problem .	27	32	0
- Det viser , at vi har et kæmpe problem .	27	32	1
- Det er et meget upassende tidspunkt .	12	17	0
- Det er et højst upassende tidspunkt .	12	17	1
Det oplyser tv - stationen CNN .	4	11	0
Det rapporterer tv - stationen CNN .	4	15	1
Samtidig skal der ryddes ud i bureaukratiet .	25	27	0
Samtidig skal der ryddes op i bureaukratiet .	25	27	1
Trier får virkelig det optimale ud af sine skuespillere , siger Alberto Barbara .	58	63	0
Trier får virkelig det optimale ud af sine skuespillere , fortæller Alberto Barbara .	58	67	1
Til gengæld kommer filmen stærkt tilbage i anden halvdel , mener han .	26	32	0
Til gengæld kommer filmen superstærkt tilbage i anden halvdel , mener han .	26	37	1
Det er meget alvorligt , siger Lars Klingenberg .	25	30	0
Det er meget alvorligt , mener Lars Klingenberg .	25	30	1
Bagger risikerer 12 år i fængsel .	25	32	0
Bagger risikerer 12 år i spjældet .	25	33	1
- Det svære er , at du ender med at blive en slave af tiden .	20	22	0
- Det svære er , at man ender med at blive en slave af tiden .	20	23	1
Og han har været dømt ude af politik mange gange .	37	42	0
Og han har været dømt ude af politik utallige gange .	37	45	1
Årets arkæologiske fund .	6	18	0
Årets historiske fund .	6	16	1
Arkæologerne fra Horsens Museum og Moesgård er særligt glade for de fine jagt - og fiskevåben af træ , som er skyllet fri af havbunden .	55	60	0
Arkæologerne fra Horsens Museum og Moesgård er særligt begejstrede for de fine jagt - og fiskevåben af træ , som er skyllet fri af havbunden .	55	66	1
Der kan slippe en smule ud , men det spiller ikke nogen rolle , siger Povl Ølgaard .	64	69	0
Der kan slippe en smule ud , men det spiller ikke nogen rolle , forklarer Povl Ølgaard .	64	73	1
Det er vigtigt , at vi kan genvinde konkurrencekraften .	36	54	0
Det er vigtigt , at vi kan genvinde konkurrenceevnen .	36	52	1
Nyt mandat skal på plads .	4	10	0
Nyt aftale skal på plads .	4	10	1
Stutterier udnytter hesterpigernes drøm .	20	34	0
Stutterier udnytter pigernes drøm .	20	28	1
Blandt andet blev de set på bøssebaren Black Cat Disco , hvor de drak flere stærke drinks .	70	75	0
Blandt andet blev de set på bøssebaren Black Cat Disco , hvor de drak adskillige stærke drinks .	70	80	1
Ingen andre soldater kom til skade ved hændelsen .	39	48	0
Ingen andre soldater kom til skade ved sprængningen .	39	51	1
- I alle store systemer opstår der unødvendige regler og bureaukrati , som ikke kan forklares .	35	46	0
- I alle store systemer opstår der uhensigtsmæssige regler og bureaukrati , som ikke kan forklares .	35	51	1
Én isbryder skal være klar til assistance inden for 48 timer , og de to andre inden for fem døgn .	72	77	0
Én isbryder skal være klar til assistance inden for 48 timer , og de to øvrige inden for fem døgn .	72	78	1
Navn på mistænkt brandstifter .	17	29	0
Navn på mistænkt ildspåsætter .	17	29	1
Danskerne skal undgå tobak , sukker og fedt for at leve længere .	15	20	0
Danskerne skal forsage tobak , sukker og fedt for at leve længere .	15	22	1
Øjenvidne prøvede at hjælpe .	10	17	0
Øjenvidne forsøgte at hjælpe .	10	18	1
Det siger Kirsten Muus , der er familieterapeut .	4	9	0
Det forklarer Kirsten Muus , der er familieterapeut .	4	13	1
- Det er voldsomt irriterende at høre ministerens udtalelser i diskussionen om irakerne .	63	75	0
- Det er voldsomt irriterende at høre ministerens udtalelser i sagen om irakerne .	63	68	1
Mand dræbt af nakkeskud ved Christiania .	14	23	0
Mand dræbt af skud ved Christiania .	14	18	1
- EU har flere gange pålagt Danmark at skærpe indsatsen overfor natur og miljø .	39	45	0
- EU har flere gange pålagt Danmark at øge indsatsen overfor natur og miljø .	39	42	1
Der var ikke grund til at anholde ham .	8	12	0
Der var ingen grund til at anholde ham .	8	13	1
Han siger også , at Robbie Williams er i fin form .	10	14	0
Han siger videre , at Robbie Williams er i fin form .	10	16	1
Både Københavns tidligere overborgmester Ritt Bjerregaard ( S ) og hendes efterfølger , Frank Jensen , har ønsket , at København går over til flertalsstyre .	64	66	0
Både Københavns tidligere overborgmester Ritt Bjerregaard ( S ) samt hendes efterfølger , Frank Jensen , har ønsket , at København går over til flertalsstyre .	64	68	1
Kim Larsen brager til tops på hitlisten .	11	17	0
Kim Larsen går til tops på hitlisten .	11	14	1
Massakre på teatermiljø .	12	23	0
Massakre på teatrene .	12	20	1
Tidligere KGB - spion skuddræbt .	22	31	0
Tidligere KGB - spion dræbt .	22	27	1
- I starten spekulerede jeg på , om han ville vise sit sande ansigt .	12	23	0
- I starten tænkte jeg på , om han ville vise sit sande ansigt .	12	18	1
- De første afhøringer og undersøgelser skabte en begrundet mistanke om , at det var ham .	5	11	0
- De indledende afhøringer og undersøgelser skabte en begrundet mistanke om , at det var ham .	5	15	1
Det viser en meningsmåling , som Capacent har lavet for DR Nyheder .	46	51	0
Det viser en meningsmåling , som Capacent har foretaget for DR Nyheder .	46	55	1
Ingen unge må efterlades på sofaen .	11	13	0
Ingen unge skal efterlades på sofaen .	11	15	1
I 2008 hjalp rådgivningen 397 personer .	13	25	0
I 2008 hjalp organisationen 397 personer .	13	27	1
Ingen danske internater tager imod muskelhunde .	35	46	0
Ingen danske internater tager imod kamphunderacer .	35	49	1
Det viser en spørgeskemaundersøgelse , som TrygFonden og Mandag Morgen har lavet .	13	36	0
Det viser en undersøgelse , som TrygFonden og Mandag Morgen har lavet .	13	25	1
Den amerikanske skuespillerinde Sandra Bullock vandt en Oscar for årets bedste kvindelige hovedrolle .	16	31	0
Den amerikanske skuespiller Sandra Bullock vandt en Oscar for årets bedste kvindelige hovedrolle .	16	27	1
Sagen minder om den såkaldte Josef Fritzl - sag i Østrig .	48	49	0
Sagen minder om den såkaldte Josef Fritzl - sag fra Østrig .	48	51	1
Dagen i dag vil blive præget af , at valgkampen nu for alvor sparkes i gang .	61	68	0
Dagen i dag vil blive præget af , at valgkampen nu for alvor går i gang .	61	64	1
Sort boks kan måske ikke bjærges .	25	32	0
Sort boks kan måske ikke findes .	25	31	1
Men det vigtige er , at alle er enige om , at dette er vejen frem .	61	65	0
Men det vigtige er , at alle er enige om , at dette er vejen fremad .	61	67	1
Problemet med undervægtige ældre er ikke nyt .	14	26	0
Problemet med underernærede ældre er ikke nyt .	14	27	1
Men nu henter kommunen mere hjælp udefra .	23	27	0
Men nu henter kommunen yderligere hjælp udefra .	23	33	1
Han arbejdede som læge i kz - lejrene Sachsenhausen , Buchenwald og Mauthausen fra 1940 til 1942 .	25	27	0
Han arbejdede som læge i koncentrations - lejrene Sachsenhausen , Buchenwald og Mauthausen fra 1940 til 1942 .	25	39	1
Det rammer patienterne , erkender direktør .	25	33	0
Det rammer patienterne , siger direktør .	25	30	1
- Island skal ansøge om medlemskab af EU hurtigst muligt .	14	20	0
- Island skal søge om medlemskab af EU hurtigst muligt .	14	18	1
Det viser en ny måling , som Catinét har lavet for Ritzau .	16	22	0
Det viser en ny meningsmåling , som Catinét har lavet for Ritzau .	16	29	1
VM i cykling foregår i Rudersdal nord for København fra 19 . til 25 . september .	13	20	0
VM i cykling afvikles i Rudersdal nord for København fra 19 . til 25 . september .	13	21	1
ETA har i de senere år været under hårdt pres , efter at en række af gruppens ledere i Spanien og Frankrig er blevet anholdt .	69	77	0
ETA har i de senere år været under hårdt pres , efter at en række af organisationens ledere i Spanien og Frankrig er blevet anholdt .	69	84	1
38 personer blev kørt til behandling på byens hospitaler .	17	21	0
38 personer blev bragt til behandling på byens hospitaler .	17	22	1
- Reglerne for eurosamarbejdet er gode nok .	15	30	0
- Reglerne for samarbejdet er gode nok .	15	26	1
- Hvis hun ikke vælger nogle af dem , må vi bruge kunstig befrugtning , siger Yang Xiaoxiao fra programmet .	58	69	0
- Hvis hun ikke vælger nogle af dem , må vi bruge kunstig insemination , siger Yang Xiaoxiao fra programmet .	58	70	1
Karl Bille er konferencier ved arrangementet .	31	44	0
Karl Bille er konferencier ved koncerten .	31	40	1
Det her var et ubegavet , afstumpet og unødvendigt skridt , som vi nægter at lægge navn til , siger Niels Hausgaard .	94	99	0
Det her var et ubegavet , afstumpet og unødvendigt skridt , som vi nægter at lægge navn til , udtaler Niels Hausgaard .	94	101	1
I år bliver det nok i Marmorkirken , siger Pernille Rosendahl .	37	42	0
I år bliver det nok i Marmorkirken , fortæller Pernille Rosendahl .	37	46	1
- Han havde lavet beregninger på , hvor lang tid det ville tage , før politiet ville dukke op , tilføjer Geir Lippestad .	96	104	0
- Han havde lavet beregninger på , hvor lang tid det ville tage , før politiet ville dukke op , siger Geir Lippestad .	96	101	1
- Vi vil vedtage reformer , der sænker udgifterne , giver større valgfrihed og sikrer dækning , som alle amerikanere kan regne med .	39	49	0
- Vi vil vedtage reformer , der sænker omkostningerne , giver større valgfrihed og sikrer dækning , som alle amerikanere kan regne med .	39	53	1
Det lover Janet Napolitano , der er minister for intern sikkerhed i USA .	29	32	0
Det lover Janet Napolitano , som er minister for intern sikkerhed i USA .	29	32	1
Barack Obama lægger ikke skjul på , at den militære indsats i Afghanistan ikke har haft succes med at nedkæmpe Taliban .	102	110	0
Barack Obama lægger ikke skjul på , at den militære indsats i Afghanistan ikke har haft succes med at stække Taliban .	102	108	1
- Jeg synes , at der er god balance i de nye regler .	45	51	0
- Jeg synes , at der er god balance i de nye retningslinjer .	45	59	1
168 dræbt ved flystyrt i Iran .	4	9	0
168 omkommet ved flystyrt i Iran .	4	12	1
- Hvor længe kan vi leve for den kompensation ?	29	32	0
- Hvor længe kan vi leve for denne kompensation ?	29	34	1
Vi klager ikke over dårlige madvarer .	28	36	0
Vi klager ikke over dårlige fødevarer .	28	37	1
Regeringens skattereform er først betalt om 10 år , siger Helle Thorning - Schmidt .	34	40	0
Regeringens skattereform er først finansieret om 10 år , siger Helle Thorning - Schmidt .	34	45	1
- Det giver ingen mening at sætte en slutdato .	37	45	0
- Det giver ingen mening at sætte en exitdato .	37	45	1
Men samtidig gør Skat opmærksom på , at sagerne skal afgøres mellem firmaerne og forbrugeren .	68	77	0
Men samtidig gør Skat opmærksom på , at sagerne skal afgøres mellem mærkevareproducenten og forbrugeren .	68	88	1
En del af vejnettet i området blev lukket i flere timer .	44	49	0
En del af vejnettet i området blev lukket i adskillige timer .	44	54	1
- 27 fødende på et døgn er mange .	5	12	0
- 27 fødsler på et døgn er mange .	5	12	1
Forslaget er dog tidligere blevet afvist af både V og K .	13	16	0
Forslaget er også tidligere blevet afvist af både V og K .	13	17	1
- Jeg går derfor ud fra , at politiet snarest udsender et antal afviste irakere , skriver Birthe Rønn Hornbech .	29	37	0
- Jeg går derfor ud fra , at politimyndighederne snarest udsender et antal afviste irakere , skriver Birthe Rønn Hornbech .	29	48	1
Men blot et par uger efter blev problemerne løst , da selskabet fik tilført ny kapital .	44	48	0
Men blot et par uger efter blev problemerne afværget , da selskabet fik tilført ny kapital .	44	52	1
- En nyhedsside , der går lige til sagen , uden journalistisk krukkeri , kan være den hjælp , der skal til for de læsesvage .	86	91	0
- En nyhedsside , der går lige til sagen , uden journalistisk krukkeri , kan være den håndsrækning , der skal til for de læsesvage .	86	98	1
Netavisens redaktion holder til på Ritzaus Bureau , der sammen med Danske Dagblade har været med til at søsætte projektet .	104	111	0
Netavisens redaktion holder til på Ritzaus Bureau , der sammen med Danske Dagblade har været med til at starte projektet .	104	110	1
Han tilføjer , at partiet satser på at få endnu et mandat .	4	12	0
Han fortæller , at partiet satser på at få endnu et mandat .	4	13	1
Musik , øl og høj solskin .	18	25	0
Musik , øl og høj sol .	18	21	1
- Vi har sat det stærkeste hold med erfarne og kvalificerede ministre .	47	60	0
- Vi har sat det stærkeste hold med erfarne og gode ministre .	47	51	1
Det er ikke klart , om der fortsat er mennesker under resterne af bygningen , men redningsarbejderne leder alligevel .	82	100	0
Det er ikke klart , om der fortsat er mennesker under resterne af bygningen , men redningsfolkene leder alligevel .	82	97	1
Johanne Vinther Axelsen fra Sindal blev anholdt på en postkontor i marts sidste år , og hun mener , at dommen er hård og uret .	121	125	0
Johanne Vinther Axelsen fra Sindal blev anholdt på en postkontor i marts sidste år , og hun mener , at dommen er hård og uretfærdig .	121	131	1
København mangler vand .	18	22	0
København mangler drikkevand .	18	28	1
Konflikten i Gaza kostede cirka 1300 palæstinensere livet .	26	31	0
Konflikten i Gaza kostede omkring 1300 palæstinensere livet .	26	33	1
Carsten Kissmeyer spørger også :.	26	30	0
Carsten Kissmeyer spørger videre :.	26	32	1
Det gør både mig og mine kolleger ofte , siger hun til DR Nyheder .	25	33	0
Det gør både mig og mine kollegaer ofte , siger hun til DR Nyheder .	25	34	1
Engang var det noget med en lysebrun kaffesæk , man tog over hovedet .	37	45	0
Engang var det noget med en lysebrun sæk , man tog over hovedet .	37	40	1
Branden har ødelagt de tekniske installationer på stationen .	12	19	0
Branden har raseret de tekniske installationer på stationen .	12	19	1
Hun mener , at børnene bliver tabere .	4	9	0
Hun erkender , at børnene bliver tabere .	4	12	1
Der er ikke meldt om sårede eller materielle skader ved angrebet .	21	27	0
Der er ikke meldt om tilskadekomne eller materielle skader ved angrebet .	21	34	1
Nordisk Film er en del af Egmont - koncernen , og selskabet beskæftiger omkring 1200 medarbejdere i de nordiske lande .	60	71	0
Nordisk Film er en del af Egmont - koncernen , og selskabet har omkring 1200 medarbejdere i de nordiske lande .	60	63	1
Her greb politikerne ind efter 10 dage .	31	33	0
Her greb politikerne ind efter ti dage .	31	33	1
Udenrigsministeriet hjælper jo normalt danskere , der er kommet i nød , siger Tommy Dinesen .	31	38	0
Udenrigsministeriet hjælper jo sædvanligvis danskere , der er kommet i nød , siger Tommy Dinesen .	31	43	1
Milliarder til tre nye supersygehuse .	23	36	0
Milliarder til tre nye sygehuse .	23	31	1
Sandet jord er ikke en mulighed , siger Ole Kastbjerg Nielsen .	34	39	0
Sandet jord er ikke en mulighed , fortæller Ole Kastbjerg Nielsen .	34	43	1
Det udelukker for eksempel store dele af Vestjylland , der har særdeles sandet jord .	63	71	0
Det udelukker for eksempel store dele af Vestjylland , der har meget sandet jord .	63	68	1
Helle Lykke Nielsen mener , at terrortruslen er kommet for at blive .	20	25	0
Helle Lykke Nielsen vurderer , at terrortruslen er kommet for at blive .	20	28	1
Det fremgår af et nyt vækstinitiativ fra regeringen .	22	36	0
Det fremgår af et nyt forslag fra regeringen .	22	29	1
- Man skal tage støvler og handsker på , hvis man vil ned i den oversvømmede kælder .	50	53	0
- Man skal tage støvler og handsker på , hvis man går ned i den oversvømmede kælder .	50	53	1
Alene i Vejle Kommune har 60 lærere netop fået en fyreseddel .	42	46	0
Alene i Vejle Kommune har 60 lærere netop modtaget en fyreseddel .	42	50	1
Fastspændt patient fundet død på hospital .	11	18	0
Fastspændt mand fundet død på hospital .	11	15	1
Det indrømmer jeg , indrømmer Lars Løkke Rasmussen .	20	29	0
Det indrømmer jeg , siger Lars Løkke Rasmussen .	20	25	1
Ifølge statsministeren er alle reglerne gennemført med den bedste mening .	51	54	0
Ifølge statsministeren er alle reglerne gennemført i den bedste mening .	51	52	1
Det fortæller nyhedsbureauet AFP .	4	13	0
Det rapporterer nyhedsbureauet AFP .	4	15	1
- Jeg vil dedikere mit liv til at arbejde for ytringsfriheden .	10	18	0
- Jeg vil bruge mit liv til at arbejde for ytringsfriheden .	10	15	1
SF vil have tillid til sociale klienter .	7	11	0
SF vil vise tillid til sociale klienter .	7	11	1
- Vi vil have tillid frem for kontroltyranni .	30	44	0
- Vi vil have tillid frem for kontrol .	30	37	1
Vi skal støtte virksomhederne , spurgte McCain .	32	39	0
Vi skal støtte virksomhederne , sagde McCain .	32	37	1
- Det er en fantastisk præstation .	12	22	0
- Det er en fænomenal præstation .	12	21	1
Tre piratfilm var nok for skuespilleren Orlando Bloom .	4	13	0
Tre sørøverfilm var nok for skuespilleren Orlando Bloom .	4	15	1
Tællingen viser , at 506 personer sover på gaden , mens 1086 sover hos familie og venner .	25	33	0
Tællingen viser , at 506 mennesker sover på gaden , mens 1086 sover hos familie og venner .	25	34	1
Den aftale er ikke mere værd end det papir , den er skrevet på , sagde Bagger i retten .	65	70	0
Den aftale er ikke mere værd end det papir , den er skrevet på , forklarede Bagger i retten .	65	75	1
Det bliver en offentlig begravelse .	24	34	0
Det bliver en offentlig bisættelse .	24	34	1
Styringsrådet vedrørende Christiania opløses .	14	24	0
Styringsrådet for Christiania opløses .	14	17	1
Byen Al Medina i Saudi Arabien er hellig for verdens muslimer .	45	52	0
Byen Al Medina i Saudi Arabien er hellig for alverdens muslimer .	45	54	1
Beatles - teaterkoncert ramt af ulykke .	10	23	0
Beatles - teater ramt af ulykke .	10	16	1
Han ligger stadig til observation på Bispebjerg Hospital .	11	17	0
Han ligger fortsat til observation på Bispebjerg Hospital .	11	18	1
Børnehaven får refusion fra kommunen for de timer , hun ikke er der .	15	23	0
Børnehaven får penge fra kommunen for de timer , hun ikke er der .	15	20	1
Dem skal man forsøge at få fat i samme dag , som man vil til forestilling .	4	8	0
Dem kan man forsøge at få fat i samme dag , som man vil til forestilling .	4	7	1
I en løbeseddel skriver de aktionerende blandt andet :.	27	39	0
I en løbeseddel skriver de strejkende blandt andet :.	27	37	1
Frivillige blev sure .	16	20	0
Frivillige blev vrede .	16	21	1
- Det er voldsomt irriterende at høre ministerens udtalelser i diskussionen om irakerne .	63	75	0
- Det er voldsomt irriterende at høre ministerens udtalelser i sagen om irakerne .	63	68	1
Mahmoud Jibril fastslår dog , at kampene endnu ikke er slut .	55	59	0
Mahmoud Jibril fastslår dog , at kampene endnu ikke er forbi .	55	60	1
I deres øjne er han færdig som præsident , og de venter kun på beskeden om , at han er trådt tilbage og har forladt landet , siger Henrik Lerche .	31	40	0
I deres øjne er han færdig som leder , og de venter kun på beskeden om , at han er trådt tilbage og har forladt landet , siger Henrik Lerche .	31	36	1
- Inden jeg går på , bliver jeg nødt til at gøre noget ved nogen andre .	59	64	0
- Inden jeg går på , bliver jeg nødt til at gøre noget ved nogle andre .	59	64	1
Så enkelt er det , siger ministeren .	25	35	0
Så enkelt er det , siger beskæftigelsesministeren .	25	49	1
Planen sættes i værk de næste fem år .	16	20	0
Planen sættes i gang de næste fem år .	16	20	1
- Der bliver ikke tale om at skære ind til benet .	6	12	0
- Der er ikke tale om at skære ind til benet .	6	8	1
De fleste befinder sig i den urolige provins Helmand i den sydlige del af landet .	10	18	0
De fleste opholder sig i den urolige provins Helmand i den sydlige del af landet .	10	18	1
Det siger formanden for Dansk Socialrådgiverforening , Bettina Post .	4	9	0
Det mener formanden for Dansk Socialrådgiverforening , Bettina Post .	4	9	1
De mister ethvert håb om , at de kan få en varig opholdstilladelse og bo i Danmark resten af deres liv , siger Marianne Jelved .	3	9	0
De fratages ethvert håb om , at de kan få en varig opholdstilladelse og bo i Danmark resten af deres liv , siger Marianne Jelved .	3	11	1
For godt en måned siden blev kommunale hjemmehjælpere i bil truet med en revolver på Nørrebro , siger han .	96	101	0
For godt en måned siden blev kommunale hjemmehjælpere i bil truet med en revolver på Nørrebro , forklarer han .	96	105	1
